id,title,description,years_of_experience,detailed_description,responsibilities,requirements
1,IT Consultant,This role is at the forefront of the company's data initiatives and will have the opportunity to shape the direction of the data team.,5,The role of a IT Consultant at our firm involves this position requires close collaboration with other teams to understand their data needs and deliver impactful results..,"Collaborate closely with cross-functional teams and stakeholders., Develop and implement state-of-the-art data analysis tools and methods., Present findings and insights to non-technical stakeholders.","Strong analytical and problem-solving skills., Proficiency in Python and SQL."
2,Management Consultant - Data Science,Candidates should be adept at handling large volumes of data and be familiar with modern data analysis tools.,8,The role of a Management Consultant - Data Science at our firm involves this role is at the forefront of the company's data initiatives and will have the opportunity to shape the direction of the data team..,"Develop and implement state-of-the-art data analysis tools and methods., Present findings and insights to non-technical stakeholders., Stay updated with the latest techniques in data science and industry best practices., Analyze and interpret complex datasets to inform business decision-making., Collaborate closely with cross-functional teams and stakeholders.","Bachelor's degree in Computer Science, Statistics, or related field., Strong analytical and problem-solving skills., Excellent communication skills."
3,Investment Data Analyst,Ideal candidates will have a strong foundation in both technical and statistical skills and be able to drive data-driven decision making.,8,The role of a Investment Data Analyst at our firm involves this role involves analyzing complex datasets and extracting actionable insights..,"Stay updated with the latest techniques in data science and industry best practices., Collaborate closely with cross-functional teams and stakeholders., Analyze and interpret complex datasets to inform business decision-making., Present findings and insights to non-technical stakeholders., Develop and implement state-of-the-art data analysis tools and methods.","Excellent communication skills., Strong analytical and problem-solving skills."
4,Investment Data Analyst,Candidates should be adept at handling large volumes of data and be familiar with modern data analysis tools.,8,The role of a Investment Data Analyst at our firm involves this position requires close collaboration with other teams to understand their data needs and deliver impactful results..,"Collaborate closely with cross-functional teams and stakeholders., Present findings and insights to non-technical stakeholders., Analyze and interpret complex datasets to inform business decision-making., Develop and implement state-of-the-art data analysis tools and methods.","Proficiency in Python and SQL., Excellent communication skills., Bachelor's degree in Computer Science, Statistics, or related field."
5,Machine Learning Engineer,This role involves analyzing complex datasets and extracting actionable insights.,7,The role of a Machine Learning Engineer at our firm involves candidates should be adept at handling large volumes of data and be familiar with modern data analysis tools..,"Develop and implement state-of-the-art data analysis tools and methods., Collaborate closely with cross-functional teams and stakeholders., Stay updated with the latest techniques in data science and industry best practices., Analyze and interpret complex datasets to inform business decision-making., Present findings and insights to non-technical stakeholders.","Experience with data visualization tools like Tableau, PowerBI, etc., Strong analytical and problem-solving skills., Proficiency in Python and SQL."
6,Healthcare Data Analyst,This position requires close collaboration with other teams to understand their data needs and deliver impactful results.,3,The role of a Healthcare Data Analyst at our firm involves candidates should be adept at handling large volumes of data and be familiar with modern data analysis tools..,"Present findings and insights to non-technical stakeholders., Stay updated with the latest techniques in data science and industry best practices., Collaborate closely with cross-functional teams and stakeholders., Develop and implement state-of-the-art data analysis tools and methods.","Proficiency in Python and SQL., Bachelor's degree in Computer Science, Statistics, or related field., Strong analytical and problem-solving skills."
7,Bioinformatics Scientist,This role involves analyzing complex datasets and extracting actionable insights.,3,The role of a Bioinformatics Scientist at our firm involves candidates should be adept at handling large volumes of data and be familiar with modern data analysis tools..,"Present findings and insights to non-technical stakeholders., Stay updated with the latest techniques in data science and industry best practices., Develop and implement state-of-the-art data analysis tools and methods.","Proficiency in Python and SQL., Experience with data visualization tools like Tableau, PowerBI, etc., Bachelor's degree in Computer Science, Statistics, or related field."
8,Data Scientist,Candidates should be adept at handling large volumes of data and be familiar with modern data analysis tools.,3,The role of a Data Scientist at our firm involves ideal candidates will have a strong foundation in both technical and statistical skills and be able to drive data-driven decision making..,"Develop and implement state-of-the-art data analysis tools and methods., Stay updated with the latest techniques in data science and industry best practices.","Experience with data visualization tools like Tableau, PowerBI, etc., Excellent communication skills., Proficiency in Python and SQL., Strong analytical and problem-solving skills."
9,E-commerce Data Analyst,Ideal candidates will have a strong foundation in both technical and statistical skills and be able to drive data-driven decision making.,5,The role of a E-commerce Data Analyst at our firm involves this role involves analyzing complex datasets and extracting actionable insights..,"Present findings and insights to non-technical stakeholders., Analyze and interpret complex datasets to inform business decision-making., Collaborate closely with cross-functional teams and stakeholders.","Experience with data visualization tools like Tableau, PowerBI, etc., Strong analytical and problem-solving skills., Excellent communication skills."
10,Financial Data Scientist,Candidates should be adept at handling large volumes of data and be familiar with modern data analysis tools.,8,The role of a Financial Data Scientist at our firm involves ideal candidates will have a strong foundation in both technical and statistical skills and be able to drive data-driven decision making..,"Develop and implement state-of-the-art data analysis tools and methods., Collaborate closely with cross-functional teams and stakeholders.","Strong analytical and problem-solving skills., Excellent communication skills., Proficiency in Python and SQL."
11,Management Consultant - Data Science,Ideal candidates will have a strong foundation in both technical and statistical skills and be able to drive data-driven decision making.,1,The role of a Management Consultant - Data Science at our firm involves this position requires close collaboration with other teams to understand their data needs and deliver impactful results..,"Collaborate closely with cross-functional teams and stakeholders., Develop and implement state-of-the-art data analysis tools and methods., Stay updated with the latest techniques in data science and industry best practices.","Proficiency in Python and SQL., Excellent communication skills., Bachelor's degree in Computer Science, Statistics, or related field."
12,Financial Data Scientist,This position requires close collaboration with other teams to understand their data needs and deliver impactful results.,1,The role of a Financial Data Scientist at our firm involves ideal candidates will have a strong foundation in both technical and statistical skills and be able to drive data-driven decision making..,"Stay updated with the latest techniques in data science and industry best practices., Collaborate closely with cross-functional teams and stakeholders., Develop and implement state-of-the-art data analysis tools and methods., Present findings and insights to non-technical stakeholders., Analyze and interpret complex datasets to inform business decision-making.","Strong analytical and problem-solving skills., Experience with data visualization tools like Tableau, PowerBI, etc., Bachelor's degree in Computer Science, Statistics, or related field."
13,E-commerce Data Analyst,Candidates should be adept at handling large volumes of data and be familiar with modern data analysis tools.,2,The role of a E-commerce Data Analyst at our firm involves this role involves analyzing complex datasets and extracting actionable insights..,"Analyze and interpret complex datasets to inform business decision-making., Collaborate closely with cross-functional teams and stakeholders., Present findings and insights to non-technical stakeholders., Develop and implement state-of-the-art data analysis tools and methods., Stay updated with the latest techniques in data science and industry best practices.","Proficiency in Python and SQL., Experience with data visualization tools like Tableau, PowerBI, etc."
14,Digital Marketing Analyst,This role is at the forefront of the company's data initiatives and will have the opportunity to shape the direction of the data team.,4,The role of a Digital Marketing Analyst at our firm involves this position requires close collaboration with other teams to understand their data needs and deliver impactful results..,"Stay updated with the latest techniques in data science and industry best practices., Collaborate closely with cross-functional teams and stakeholders.","Bachelor's degree in Computer Science, Statistics, or related field., Strong analytical and problem-solving skills., Experience with data visualization tools like Tableau, PowerBI, etc., Excellent communication skills., Proficiency in Python and SQL."
15,Healthcare Data Analyst,This role involves analyzing complex datasets and extracting actionable insights.,4,The role of a Healthcare Data Analyst at our firm involves ideal candidates will have a strong foundation in both technical and statistical skills and be able to drive data-driven decision making..,"Analyze and interpret complex datasets to inform business decision-making., Develop and implement state-of-the-art data analysis tools and methods.","Proficiency in Python and SQL., Experience with data visualization tools like Tableau, PowerBI, etc."
16,Data Scientist,This role involves analyzing complex datasets and extracting actionable insights.,1,The role of a Data Scientist at our firm involves this role is at the forefront of the company's data initiatives and will have the opportunity to shape the direction of the data team..,"Collaborate closely with cross-functional teams and stakeholders., Stay updated with the latest techniques in data science and industry best practices.","Excellent communication skills., Strong analytical and problem-solving skills., Experience with data visualization tools like Tableau, PowerBI, etc., Proficiency in Python and SQL."
17,Clinical Data Scientist,This position requires close collaboration with other teams to understand their data needs and deliver impactful results.,3,The role of a Clinical Data Scientist at our firm involves this role involves analyzing complex datasets and extracting actionable insights..,"Stay updated with the latest techniques in data science and industry best practices., Develop and implement state-of-the-art data analysis tools and methods., Analyze and interpret complex datasets to inform business decision-making., Present findings and insights to non-technical stakeholders., Collaborate closely with cross-functional teams and stakeholders.","Experience with data visualization tools like Tableau, PowerBI, etc., Excellent communication skills., Bachelor's degree in Computer Science, Statistics, or related field., Proficiency in Python and SQL., Strong analytical and problem-solving skills."
18,Quantitative Analyst,Ideal candidates will have a strong foundation in both technical and statistical skills and be able to drive data-driven decision making.,5,The role of a Quantitative Analyst at our firm involves candidates should be adept at handling large volumes of data and be familiar with modern data analysis tools..,"Present findings and insights to non-technical stakeholders., Stay updated with the latest techniques in data science and industry best practices.","Excellent communication skills., Experience with data visualization tools like Tableau, PowerBI, etc., Proficiency in Python and SQL., Strong analytical and problem-solving skills."
19,Computer Scientist,This role involves analyzing complex datasets and extracting actionable insights.,4,The role of a Computer Scientist at our firm involves candidates should be adept at handling large volumes of data and be familiar with modern data analysis tools..,"Develop and implement state-of-the-art data analysis tools and methods., Stay updated with the latest techniques in data science and industry best practices., Collaborate closely with cross-functional teams and stakeholders.","Experience with data visualization tools like Tableau, PowerBI, etc., Bachelor's degree in Computer Science, Statistics, or related field., Proficiency in Python and SQL., Excellent communication skills., Strong analytical and problem-solving skills."
20,Bioinformatics Scientist,This role involves analyzing complex datasets and extracting actionable insights.,8,The role of a Bioinformatics Scientist at our firm involves ideal candidates will have a strong foundation in both technical and statistical skills and be able to drive data-driven decision making..,"Develop and implement state-of-the-art data analysis tools and methods., Present findings and insights to non-technical stakeholders., Stay updated with the latest techniques in data science and industry best practices., Collaborate closely with cross-functional teams and stakeholders.","Proficiency in Python and SQL., Experience with data visualization tools like Tableau, PowerBI, etc., Strong analytical and problem-solving skills., Excellent communication skills."
21,Quantitative Analyst,Ideal candidates will have a strong foundation in both technical and statistical skills and be able to drive data-driven decision making.,9,The role of a Quantitative Analyst at our firm involves this role is at the forefront of the company's data initiatives and will have the opportunity to shape the direction of the data team..,"Present findings and insights to non-technical stakeholders., Analyze and interpret complex datasets to inform business decision-making., Stay updated with the latest techniques in data science and industry best practices., Collaborate closely with cross-functional teams and stakeholders.","Experience with data visualization tools like Tableau, PowerBI, etc., Excellent communication skills."
22,Risk Analyst,Ideal candidates will have a strong foundation in both technical and statistical skills and be able to drive data-driven decision making.,2,The role of a Risk Analyst at our firm involves this position requires close collaboration with other teams to understand their data needs and deliver impactful results..,"Develop and implement state-of-the-art data analysis tools and methods., Collaborate closely with cross-functional teams and stakeholders., Analyze and interpret complex datasets to inform business decision-making., Stay updated with the latest techniques in data science and industry best practices., Present findings and insights to non-technical stakeholders.","Strong analytical and problem-solving skills., Bachelor's degree in Computer Science, Statistics, or related field., Proficiency in Python and SQL., Excellent communication skills., Experience with data visualization tools like Tableau, PowerBI, etc."
23,Business Technology Analyst,Ideal candidates will have a strong foundation in both technical and statistical skills and be able to drive data-driven decision making.,1,The role of a Business Technology Analyst at our firm involves this role is at the forefront of the company's data initiatives and will have the opportunity to shape the direction of the data team..,"Collaborate closely with cross-functional teams and stakeholders., Present findings and insights to non-technical stakeholders.","Strong analytical and problem-solving skills., Bachelor's degree in Computer Science, Statistics, or related field., Experience with data visualization tools like Tableau, PowerBI, etc."
24,Quantitative Analyst,Candidates should be adept at handling large volumes of data and be familiar with modern data analysis tools.,3,The role of a Quantitative Analyst at our firm involves this role involves analyzing complex datasets and extracting actionable insights..,"Analyze and interpret complex datasets to inform business decision-making., Present findings and insights to non-technical stakeholders., Collaborate closely with cross-functional teams and stakeholders.","Excellent communication skills., Bachelor's degree in Computer Science, Statistics, or related field., Proficiency in Python and SQL."
25,Digital Marketing Analyst,This role is at the forefront of the company's data initiatives and will have the opportunity to shape the direction of the data team.,1,The role of a Digital Marketing Analyst at our firm involves candidates should be adept at handling large volumes of data and be familiar with modern data analysis tools..,"Collaborate closely with cross-functional teams and stakeholders., Develop and implement state-of-the-art data analysis tools and methods., Stay updated with the latest techniques in data science and industry best practices., Present findings and insights to non-technical stakeholders.","Excellent communication skills., Strong analytical and problem-solving skills., Proficiency in Python and SQL., Bachelor's degree in Computer Science, Statistics, or related field., Experience with data visualization tools like Tableau, PowerBI, etc."
26,Business Technology Analyst,Candidates should be adept at handling large volumes of data and be familiar with modern data analysis tools.,4,The role of a Business Technology Analyst at our firm involves this role is at the forefront of the company's data initiatives and will have the opportunity to shape the direction of the data team..,"Develop and implement state-of-the-art data analysis tools and methods., Present findings and insights to non-technical stakeholders., Collaborate closely with cross-functional teams and stakeholders., Analyze and interpret complex datasets to inform business decision-making.","Excellent communication skills., Bachelor's degree in Computer Science, Statistics, or related field., Experience with data visualization tools like Tableau, PowerBI, etc., Strong analytical and problem-solving skills."
27,E-commerce Business Analyst,This role is at the forefront of the company's data initiatives and will have the opportunity to shape the direction of the data team.,7,The role of a E-commerce Business Analyst at our firm involves ideal candidates will have a strong foundation in both technical and statistical skills and be able to drive data-driven decision making..,"Analyze and interpret complex datasets to inform business decision-making., Stay updated with the latest techniques in data science and industry best practices., Present findings and insights to non-technical stakeholders.","Proficiency in Python and SQL., Strong analytical and problem-solving skills."
28,Data Scientist,Candidates should be adept at handling large volumes of data and be familiar with modern data analysis tools.,2,The role of a Data Scientist at our firm involves ideal candidates will have a strong foundation in both technical and statistical skills and be able to drive data-driven decision making..,"Develop and implement state-of-the-art data analysis tools and methods., Analyze and interpret complex datasets to inform business decision-making., Present findings and insights to non-technical stakeholders., Stay updated with the latest techniques in data science and industry best practices., Collaborate closely with cross-functional teams and stakeholders.","Strong analytical and problem-solving skills., Experience with data visualization tools like Tableau, PowerBI, etc."
29,Computer Scientist,Candidates should be adept at handling large volumes of data and be familiar with modern data analysis tools.,5,The role of a Computer Scientist at our firm involves this role involves analyzing complex datasets and extracting actionable insights..,"Collaborate closely with cross-functional teams and stakeholders., Develop and implement state-of-the-art data analysis tools and methods., Present findings and insights to non-technical stakeholders.","Strong analytical and problem-solving skills., Proficiency in Python and SQL."
30,E-commerce Data Analyst,This role is at the forefront of the company's data initiatives and will have the opportunity to shape the direction of the data team.,3,The role of a E-commerce Data Analyst at our firm involves candidates should be adept at handling large volumes of data and be familiar with modern data analysis tools..,"Analyze and interpret complex datasets to inform business decision-making., Develop and implement state-of-the-art data analysis tools and methods., Collaborate closely with cross-functional teams and stakeholders.","Bachelor's degree in Computer Science, Statistics, or related field., Strong analytical and problem-solving skills., Proficiency in Python and SQL., Experience with data visualization tools like Tableau, PowerBI, etc."
31,Quantitative Analyst,Ideal candidates will have a strong foundation in both technical and statistical skills and be able to drive data-driven decision making.,8,The role of a Quantitative Analyst at our firm involves candidates should be adept at handling large volumes of data and be familiar with modern data analysis tools..,"Stay updated with the latest techniques in data science and industry best practices., Analyze and interpret complex datasets to inform business decision-making., Develop and implement state-of-the-art data analysis tools and methods., Collaborate closely with cross-functional teams and stakeholders.","Excellent communication skills., Experience with data visualization tools like Tableau, PowerBI, etc., Strong analytical and problem-solving skills."
32,Healthcare Data Analyst,Candidates should be adept at handling large volumes of data and be familiar with modern data analysis tools.,8,The role of a Healthcare Data Analyst at our firm involves candidates should be adept at handling large volumes of data and be familiar with modern data analysis tools..,"Develop and implement state-of-the-art data analysis tools and methods., Present findings and insights to non-technical stakeholders., Collaborate closely with cross-functional teams and stakeholders., Analyze and interpret complex datasets to inform business decision-making.","Excellent communication skills., Proficiency in Python and SQL."
33,Healthcare Data Analyst,Ideal candidates will have a strong foundation in both technical and statistical skills and be able to drive data-driven decision making.,10,The role of a Healthcare Data Analyst at our firm involves this role involves analyzing complex datasets and extracting actionable insights..,"Stay updated with the latest techniques in data science and industry best practices., Present findings and insights to non-technical stakeholders.","Excellent communication skills., Experience with data visualization tools like Tableau, PowerBI, etc., Strong analytical and problem-solving skills., Proficiency in Python and SQL., Bachelor's degree in Computer Science, Statistics, or related field."
34,Machine Learning Engineer,This role is at the forefront of the company's data initiatives and will have the opportunity to shape the direction of the data team.,10,The role of a Machine Learning Engineer at our firm involves ideal candidates will have a strong foundation in both technical and statistical skills and be able to drive data-driven decision making..,"Analyze and interpret complex datasets to inform business decision-making., Collaborate closely with cross-functional teams and stakeholders., Develop and implement state-of-the-art data analysis tools and methods., Stay updated with the latest techniques in data science and industry best practices.","Proficiency in Python and SQL., Excellent communication skills., Bachelor's degree in Computer Science, Statistics, or related field., Strong analytical and problem-solving skills., Experience with data visualization tools like Tableau, PowerBI, etc."
35,E-commerce Business Analyst,This role is at the forefront of the company's data initiatives and will have the opportunity to shape the direction of the data team.,7,The role of a E-commerce Business Analyst at our firm involves this position requires close collaboration with other teams to understand their data needs and deliver impactful results..,"Analyze and interpret complex datasets to inform business decision-making., Present findings and insights to non-technical stakeholders., Collaborate closely with cross-functional teams and stakeholders., Develop and implement state-of-the-art data analysis tools and methods.","Experience with data visualization tools like Tableau, PowerBI, etc., Bachelor's degree in Computer Science, Statistics, or related field., Strong analytical and problem-solving skills., Excellent communication skills., Proficiency in Python and SQL."
36,Healthcare Data Analyst,This position requires close collaboration with other teams to understand their data needs and deliver impactful results.,7,The role of a Healthcare Data Analyst at our firm involves candidates should be adept at handling large volumes of data and be familiar with modern data analysis tools..,"Collaborate closely with cross-functional teams and stakeholders., Present findings and insights to non-technical stakeholders., Stay updated with the latest techniques in data science and industry best practices., Analyze and interpret complex datasets to inform business decision-making.","Excellent communication skills., Bachelor's degree in Computer Science, Statistics, or related field., Strong analytical and problem-solving skills., Proficiency in Python and SQL."
37,Computer Scientist,Ideal candidates will have a strong foundation in both technical and statistical skills and be able to drive data-driven decision making.,10,The role of a Computer Scientist at our firm involves ideal candidates will have a strong foundation in both technical and statistical skills and be able to drive data-driven decision making..,"Analyze and interpret complex datasets to inform business decision-making., Collaborate closely with cross-functional teams and stakeholders., Stay updated with the latest techniques in data science and industry best practices., Develop and implement state-of-the-art data analysis tools and methods.","Strong analytical and problem-solving skills., Excellent communication skills., Experience with data visualization tools like Tableau, PowerBI, etc., Proficiency in Python and SQL., Bachelor's degree in Computer Science, Statistics, or related field."
38,Healthcare Data Analyst,This role is at the forefront of the company's data initiatives and will have the opportunity to shape the direction of the data team.,7,The role of a Healthcare Data Analyst at our firm involves candidates should be adept at handling large volumes of data and be familiar with modern data analysis tools..,"Analyze and interpret complex datasets to inform business decision-making., Collaborate closely with cross-functional teams and stakeholders.","Excellent communication skills., Strong analytical and problem-solving skills., Experience with data visualization tools like Tableau, PowerBI, etc."
39,Clinical Data Scientist,Candidates should be adept at handling large volumes of data and be familiar with modern data analysis tools.,7,The role of a Clinical Data Scientist at our firm involves this role is at the forefront of the company's data initiatives and will have the opportunity to shape the direction of the data team..,"Collaborate closely with cross-functional teams and stakeholders., Present findings and insights to non-technical stakeholders., Stay updated with the latest techniques in data science and industry best practices.","Proficiency in Python and SQL., Strong analytical and problem-solving skills., Bachelor's degree in Computer Science, Statistics, or related field., Experience with data visualization tools like Tableau, PowerBI, etc., Excellent communication skills."
40,Quantitative Analyst,Candidates should be adept at handling large volumes of data and be familiar with modern data analysis tools.,4,The role of a Quantitative Analyst at our firm involves this position requires close collaboration with other teams to understand their data needs and deliver impactful results..,"Analyze and interpret complex datasets to inform business decision-making., Collaborate closely with cross-functional teams and stakeholders., Develop and implement state-of-the-art data analysis tools and methods., Stay updated with the latest techniques in data science and industry best practices.","Proficiency in Python and SQL., Bachelor's degree in Computer Science, Statistics, or related field., Strong analytical and problem-solving skills., Experience with data visualization tools like Tableau, PowerBI, etc."
41,Bioinformatics Scientist,This position requires close collaboration with other teams to understand their data needs and deliver impactful results.,9,The role of a Bioinformatics Scientist at our firm involves ideal candidates will have a strong foundation in both technical and statistical skills and be able to drive data-driven decision making..,"Develop and implement state-of-the-art data analysis tools and methods., Collaborate closely with cross-functional teams and stakeholders., Analyze and interpret complex datasets to inform business decision-making., Stay updated with the latest techniques in data science and industry best practices.","Bachelor's degree in Computer Science, Statistics, or related field., Proficiency in Python and SQL., Excellent communication skills."
42,Bioinformatics Scientist,Candidates should be adept at handling large volumes of data and be familiar with modern data analysis tools.,4,The role of a Bioinformatics Scientist at our firm involves this role is at the forefront of the company's data initiatives and will have the opportunity to shape the direction of the data team..,"Analyze and interpret complex datasets to inform business decision-making., Collaborate closely with cross-functional teams and stakeholders.","Strong analytical and problem-solving skills., Bachelor's degree in Computer Science, Statistics, or related field., Proficiency in Python and SQL., Experience with data visualization tools like Tableau, PowerBI, etc."
43,IT Consultant,Candidates should be adept at handling large volumes of data and be familiar with modern data analysis tools.,7,The role of a IT Consultant at our firm involves candidates should be adept at handling large volumes of data and be familiar with modern data analysis tools..,"Present findings and insights to non-technical stakeholders., Stay updated with the latest techniques in data science and industry best practices., Collaborate closely with cross-functional teams and stakeholders., Develop and implement state-of-the-art data analysis tools and methods., Analyze and interpret complex datasets to inform business decision-making.","Experience with data visualization tools like Tableau, PowerBI, etc., Excellent communication skills., Bachelor's degree in Computer Science, Statistics, or related field., Strong analytical and problem-solving skills., Proficiency in Python and SQL."
44,Management Consultant - Data Science,Candidates should be adept at handling large volumes of data and be familiar with modern data analysis tools.,9,The role of a Management Consultant - Data Science at our firm involves this position requires close collaboration with other teams to understand their data needs and deliver impactful results..,"Analyze and interpret complex datasets to inform business decision-making., Stay updated with the latest techniques in data science and industry best practices.","Proficiency in Python and SQL., Excellent communication skills., Experience with data visualization tools like Tableau, PowerBI, etc., Bachelor's degree in Computer Science, Statistics, or related field., Strong analytical and problem-solving skills."
45,Bioinformatics Scientist,This role is at the forefront of the company's data initiatives and will have the opportunity to shape the direction of the data team.,9,The role of a Bioinformatics Scientist at our firm involves this position requires close collaboration with other teams to understand their data needs and deliver impactful results..,"Develop and implement state-of-the-art data analysis tools and methods., Collaborate closely with cross-functional teams and stakeholders.","Experience with data visualization tools like Tableau, PowerBI, etc., Proficiency in Python and SQL."
46,Machine Learning Engineer,This role is at the forefront of the company's data initiatives and will have the opportunity to shape the direction of the data team.,6,The role of a Machine Learning Engineer at our firm involves this role is at the forefront of the company's data initiatives and will have the opportunity to shape the direction of the data team..,"Present findings and insights to non-technical stakeholders., Collaborate closely with cross-functional teams and stakeholders.","Excellent communication skills., Experience with data visualization tools like Tableau, PowerBI, etc., Bachelor's degree in Computer Science, Statistics, or related field., Proficiency in Python and SQL., Strong analytical and problem-solving skills."
47,Risk Analyst,This position requires close collaboration with other teams to understand their data needs and deliver impactful results.,9,The role of a Risk Analyst at our firm involves ideal candidates will have a strong foundation in both technical and statistical skills and be able to drive data-driven decision making..,"Present findings and insights to non-technical stakeholders., Collaborate closely with cross-functional teams and stakeholders.","Strong analytical and problem-solving skills., Experience with data visualization tools like Tableau, PowerBI, etc."
48,Risk Analyst,This role is at the forefront of the company's data initiatives and will have the opportunity to shape the direction of the data team.,9,The role of a Risk Analyst at our firm involves ideal candidates will have a strong foundation in both technical and statistical skills and be able to drive data-driven decision making..,"Present findings and insights to non-technical stakeholders., Analyze and interpret complex datasets to inform business decision-making., Develop and implement state-of-the-art data analysis tools and methods., Collaborate closely with cross-functional teams and stakeholders., Stay updated with the latest techniques in data science and industry best practices.","Bachelor's degree in Computer Science, Statistics, or related field., Experience with data visualization tools like Tableau, PowerBI, etc., Proficiency in Python and SQL."
49,Financial Data Scientist,Ideal candidates will have a strong foundation in both technical and statistical skills and be able to drive data-driven decision making.,4,The role of a Financial Data Scientist at our firm involves candidates should be adept at handling large volumes of data and be familiar with modern data analysis tools..,"Collaborate closely with cross-functional teams and stakeholders., Present findings and insights to non-technical stakeholders.","Bachelor's degree in Computer Science, Statistics, or related field., Strong analytical and problem-solving skills."
50,E-commerce Data Analyst,Ideal candidates will have a strong foundation in both technical and statistical skills and be able to drive data-driven decision making.,6,The role of a E-commerce Data Analyst at our firm involves candidates should be adept at handling large volumes of data and be familiar with modern data analysis tools..,"Develop and implement state-of-the-art data analysis tools and methods., Analyze and interpret complex datasets to inform business decision-making., Stay updated with the latest techniques in data science and industry best practices., Collaborate closely with cross-functional teams and stakeholders.","Proficiency in Python and SQL., Strong analytical and problem-solving skills., Experience with data visualization tools like Tableau, PowerBI, etc."
51,Business Technology Analyst,Candidates should be adept at handling large volumes of data and be familiar with modern data analysis tools.,8,The role of a Business Technology Analyst at our firm involves candidates should be adept at handling large volumes of data and be familiar with modern data analysis tools..,"Develop and implement state-of-the-art data analysis tools and methods., Collaborate closely with cross-functional teams and stakeholders., Present findings and insights to non-technical stakeholders., Stay updated with the latest techniques in data science and industry best practices., Analyze and interpret complex datasets to inform business decision-making.","Bachelor's degree in Computer Science, Statistics, or related field., Strong analytical and problem-solving skills., Excellent communication skills."
52,IT Consultant,Ideal candidates will have a strong foundation in both technical and statistical skills and be able to drive data-driven decision making.,10,The role of a IT Consultant at our firm involves this role involves analyzing complex datasets and extracting actionable insights..,"Present findings and insights to non-technical stakeholders., Collaborate closely with cross-functional teams and stakeholders.","Proficiency in Python and SQL., Bachelor's degree in Computer Science, Statistics, or related field., Experience with data visualization tools like Tableau, PowerBI, etc."
53,Healthcare Data Analyst,This role involves analyzing complex datasets and extracting actionable insights.,10,The role of a Healthcare Data Analyst at our firm involves ideal candidates will have a strong foundation in both technical and statistical skills and be able to drive data-driven decision making..,"Develop and implement state-of-the-art data analysis tools and methods., Collaborate closely with cross-functional teams and stakeholders., Present findings and insights to non-technical stakeholders.","Bachelor's degree in Computer Science, Statistics, or related field., Experience with data visualization tools like Tableau, PowerBI, etc., Proficiency in Python and SQL., Excellent communication skills., Strong analytical and problem-solving skills."
54,E-commerce Data Analyst,This role involves analyzing complex datasets and extracting actionable insights.,4,The role of a E-commerce Data Analyst at our firm involves this role involves analyzing complex datasets and extracting actionable insights..,"Collaborate closely with cross-functional teams and stakeholders., Stay updated with the latest techniques in data science and industry best practices., Develop and implement state-of-the-art data analysis tools and methods.","Experience with data visualization tools like Tableau, PowerBI, etc., Excellent communication skills., Proficiency in Python and SQL., Strong analytical and problem-solving skills., Bachelor's degree in Computer Science, Statistics, or related field."
55,IT Consultant,Candidates should be adept at handling large volumes of data and be familiar with modern data analysis tools.,6,The role of a IT Consultant at our firm involves this role is at the forefront of the company's data initiatives and will have the opportunity to shape the direction of the data team..,"Collaborate closely with cross-functional teams and stakeholders., Develop and implement state-of-the-art data analysis tools and methods.","Proficiency in Python and SQL., Excellent communication skills., Strong analytical and problem-solving skills., Bachelor's degree in Computer Science, Statistics, or related field."
56,Risk Analyst,This position requires close collaboration with other teams to understand their data needs and deliver impactful results.,1,The role of a Risk Analyst at our firm involves candidates should be adept at handling large volumes of data and be familiar with modern data analysis tools..,"Collaborate closely with cross-functional teams and stakeholders., Develop and implement state-of-the-art data analysis tools and methods., Present findings and insights to non-technical stakeholders., Stay updated with the latest techniques in data science and industry best practices., Analyze and interpret complex datasets to inform business decision-making.","Bachelor's degree in Computer Science, Statistics, or related field., Strong analytical and problem-solving skills., Proficiency in Python and SQL., Experience with data visualization tools like Tableau, PowerBI, etc."
57,IT Consultant,This position requires close collaboration with other teams to understand their data needs and deliver impactful results.,1,The role of a IT Consultant at our firm involves this role involves analyzing complex datasets and extracting actionable insights..,"Collaborate closely with cross-functional teams and stakeholders., Develop and implement state-of-the-art data analysis tools and methods., Analyze and interpret complex datasets to inform business decision-making., Stay updated with the latest techniques in data science and industry best practices., Present findings and insights to non-technical stakeholders.","Strong analytical and problem-solving skills., Excellent communication skills., Bachelor's degree in Computer Science, Statistics, or related field., Experience with data visualization tools like Tableau, PowerBI, etc., Proficiency in Python and SQL."
58,IT Consultant,Candidates should be adept at handling large volumes of data and be familiar with modern data analysis tools.,8,The role of a IT Consultant at our firm involves this role is at the forefront of the company's data initiatives and will have the opportunity to shape the direction of the data team..,"Develop and implement state-of-the-art data analysis tools and methods., Stay updated with the latest techniques in data science and industry best practices., Present findings and insights to non-technical stakeholders.","Bachelor's degree in Computer Science, Statistics, or related field., Strong analytical and problem-solving skills., Proficiency in Python and SQL., Excellent communication skills., Experience with data visualization tools like Tableau, PowerBI, etc."
59,Financial Data Scientist,Ideal candidates will have a strong foundation in both technical and statistical skills and be able to drive data-driven decision making.,8,The role of a Financial Data Scientist at our firm involves this role involves analyzing complex datasets and extracting actionable insights..,"Stay updated with the latest techniques in data science and industry best practices., Develop and implement state-of-the-art data analysis tools and methods.","Excellent communication skills., Bachelor's degree in Computer Science, Statistics, or related field."
60,Management Consultant - Data Science,This position requires close collaboration with other teams to understand their data needs and deliver impactful results.,7,The role of a Management Consultant - Data Science at our firm involves this role is at the forefront of the company's data initiatives and will have the opportunity to shape the direction of the data team..,"Collaborate closely with cross-functional teams and stakeholders., Present findings and insights to non-technical stakeholders., Analyze and interpret complex datasets to inform business decision-making.","Strong analytical and problem-solving skills., Bachelor's degree in Computer Science, Statistics, or related field., Experience with data visualization tools like Tableau, PowerBI, etc."
61,Financial Data Scientist,This role is at the forefront of the company's data initiatives and will have the opportunity to shape the direction of the data team.,9,The role of a Financial Data Scientist at our firm involves this role is at the forefront of the company's data initiatives and will have the opportunity to shape the direction of the data team..,"Collaborate closely with cross-functional teams and stakeholders., Present findings and insights to non-technical stakeholders.","Proficiency in Python and SQL., Excellent communication skills., Strong analytical and problem-solving skills., Experience with data visualization tools like Tableau, PowerBI, etc."
62,Systems Architect,This position requires close collaboration with other teams to understand their data needs and deliver impactful results.,4,The role of a Systems Architect at our firm involves this role is at the forefront of the company's data initiatives and will have the opportunity to shape the direction of the data team..,"Present findings and insights to non-technical stakeholders., Collaborate closely with cross-functional teams and stakeholders., Develop and implement state-of-the-art data analysis tools and methods., Stay updated with the latest techniques in data science and industry best practices.","Bachelor's degree in Computer Science, Statistics, or related field., Experience with data visualization tools like Tableau, PowerBI, etc., Proficiency in Python and SQL., Strong analytical and problem-solving skills."
63,IT Consultant,Candidates should be adept at handling large volumes of data and be familiar with modern data analysis tools.,4,The role of a IT Consultant at our firm involves this position requires close collaboration with other teams to understand their data needs and deliver impactful results..,"Analyze and interpret complex datasets to inform business decision-making., Stay updated with the latest techniques in data science and industry best practices., Present findings and insights to non-technical stakeholders., Collaborate closely with cross-functional teams and stakeholders.","Bachelor's degree in Computer Science, Statistics, or related field., Experience with data visualization tools like Tableau, PowerBI, etc., Excellent communication skills., Strong analytical and problem-solving skills., Proficiency in Python and SQL."
64,Bioinformatics Scientist,Candidates should be adept at handling large volumes of data and be familiar with modern data analysis tools.,9,The role of a Bioinformatics Scientist at our firm involves this role involves analyzing complex datasets and extracting actionable insights..,"Present findings and insights to non-technical stakeholders., Develop and implement state-of-the-art data analysis tools and methods., Stay updated with the latest techniques in data science and industry best practices., Analyze and interpret complex datasets to inform business decision-making.","Proficiency in Python and SQL., Strong analytical and problem-solving skills., Bachelor's degree in Computer Science, Statistics, or related field., Experience with data visualization tools like Tableau, PowerBI, etc."
65,Business Technology Analyst,Ideal candidates will have a strong foundation in both technical and statistical skills and be able to drive data-driven decision making.,4,The role of a Business Technology Analyst at our firm involves this position requires close collaboration with other teams to understand their data needs and deliver impactful results..,"Analyze and interpret complex datasets to inform business decision-making., Collaborate closely with cross-functional teams and stakeholders.","Experience with data visualization tools like Tableau, PowerBI, etc., Excellent communication skills."
66,Quantitative Analyst,This role is at the forefront of the company's data initiatives and will have the opportunity to shape the direction of the data team.,6,The role of a Quantitative Analyst at our firm involves ideal candidates will have a strong foundation in both technical and statistical skills and be able to drive data-driven decision making..,"Present findings and insights to non-technical stakeholders., Collaborate closely with cross-functional teams and stakeholders.","Excellent communication skills., Experience with data visualization tools like Tableau, PowerBI, etc."
67,Bioinformatics Scientist,This position requires close collaboration with other teams to understand their data needs and deliver impactful results.,6,The role of a Bioinformatics Scientist at our firm involves this role involves analyzing complex datasets and extracting actionable insights..,"Develop and implement state-of-the-art data analysis tools and methods., Analyze and interpret complex datasets to inform business decision-making., Collaborate closely with cross-functional teams and stakeholders., Stay updated with the latest techniques in data science and industry best practices., Present findings and insights to non-technical stakeholders.","Bachelor's degree in Computer Science, Statistics, or related field., Proficiency in Python and SQL., Excellent communication skills., Experience with data visualization tools like Tableau, PowerBI, etc."
68,Investment Data Analyst,This role is at the forefront of the company's data initiatives and will have the opportunity to shape the direction of the data team.,7,The role of a Investment Data Analyst at our firm involves ideal candidates will have a strong foundation in both technical and statistical skills and be able to drive data-driven decision making..,"Present findings and insights to non-technical stakeholders., Stay updated with the latest techniques in data science and industry best practices., Develop and implement state-of-the-art data analysis tools and methods.","Strong analytical and problem-solving skills., Proficiency in Python and SQL., Excellent communication skills., Experience with data visualization tools like Tableau, PowerBI, etc."
69,Data Scientist,This role is at the forefront of the company's data initiatives and will have the opportunity to shape the direction of the data team.,9,The role of a Data Scientist at our firm involves this role is at the forefront of the company's data initiatives and will have the opportunity to shape the direction of the data team..,"Develop and implement state-of-the-art data analysis tools and methods., Present findings and insights to non-technical stakeholders., Analyze and interpret complex datasets to inform business decision-making.","Proficiency in Python and SQL., Strong analytical and problem-solving skills., Bachelor's degree in Computer Science, Statistics, or related field."
70,E-commerce Business Analyst,Candidates should be adept at handling large volumes of data and be familiar with modern data analysis tools.,8,The role of a E-commerce Business Analyst at our firm involves this role is at the forefront of the company's data initiatives and will have the opportunity to shape the direction of the data team..,"Analyze and interpret complex datasets to inform business decision-making., Stay updated with the latest techniques in data science and industry best practices., Collaborate closely with cross-functional teams and stakeholders.","Proficiency in Python and SQL., Strong analytical and problem-solving skills., Excellent communication skills., Bachelor's degree in Computer Science, Statistics, or related field."
71,IT Consultant,Candidates should be adept at handling large volumes of data and be familiar with modern data analysis tools.,8,The role of a IT Consultant at our firm involves ideal candidates will have a strong foundation in both technical and statistical skills and be able to drive data-driven decision making..,"Collaborate closely with cross-functional teams and stakeholders., Analyze and interpret complex datasets to inform business decision-making.","Proficiency in Python and SQL., Bachelor's degree in Computer Science, Statistics, or related field., Experience with data visualization tools like Tableau, PowerBI, etc., Strong analytical and problem-solving skills."
72,Risk Analyst,This role involves analyzing complex datasets and extracting actionable insights.,10,The role of a Risk Analyst at our firm involves candidates should be adept at handling large volumes of data and be familiar with modern data analysis tools..,"Develop and implement state-of-the-art data analysis tools and methods., Collaborate closely with cross-functional teams and stakeholders., Stay updated with the latest techniques in data science and industry best practices.","Bachelor's degree in Computer Science, Statistics, or related field., Strong analytical and problem-solving skills."
73,Healthcare Data Analyst,Candidates should be adept at handling large volumes of data and be familiar with modern data analysis tools.,8,The role of a Healthcare Data Analyst at our firm involves this position requires close collaboration with other teams to understand their data needs and deliver impactful results..,"Present findings and insights to non-technical stakeholders., Stay updated with the latest techniques in data science and industry best practices.","Proficiency in Python and SQL., Excellent communication skills., Strong analytical and problem-solving skills., Experience with data visualization tools like Tableau, PowerBI, etc., Bachelor's degree in Computer Science, Statistics, or related field."
74,E-commerce Business Analyst,This role involves analyzing complex datasets and extracting actionable insights.,3,The role of a E-commerce Business Analyst at our firm involves ideal candidates will have a strong foundation in both technical and statistical skills and be able to drive data-driven decision making..,"Present findings and insights to non-technical stakeholders., Develop and implement state-of-the-art data analysis tools and methods., Analyze and interpret complex datasets to inform business decision-making., Stay updated with the latest techniques in data science and industry best practices., Collaborate closely with cross-functional teams and stakeholders.","Proficiency in Python and SQL., Strong analytical and problem-solving skills."
75,Data Scientist,Ideal candidates will have a strong foundation in both technical and statistical skills and be able to drive data-driven decision making.,1,The role of a Data Scientist at our firm involves ideal candidates will have a strong foundation in both technical and statistical skills and be able to drive data-driven decision making..,"Collaborate closely with cross-functional teams and stakeholders., Analyze and interpret complex datasets to inform business decision-making.","Proficiency in Python and SQL., Bachelor's degree in Computer Science, Statistics, or related field., Experience with data visualization tools like Tableau, PowerBI, etc., Excellent communication skills., Strong analytical and problem-solving skills."
76,Digital Marketing Analyst,This position requires close collaboration with other teams to understand their data needs and deliver impactful results.,8,The role of a Digital Marketing Analyst at our firm involves this position requires close collaboration with other teams to understand their data needs and deliver impactful results..,"Present findings and insights to non-technical stakeholders., Develop and implement state-of-the-art data analysis tools and methods., Stay updated with the latest techniques in data science and industry best practices.","Excellent communication skills., Strong analytical and problem-solving skills."
77,IT Consultant,This role involves analyzing complex datasets and extracting actionable insights.,5,The role of a IT Consultant at our firm involves ideal candidates will have a strong foundation in both technical and statistical skills and be able to drive data-driven decision making..,"Present findings and insights to non-technical stakeholders., Develop and implement state-of-the-art data analysis tools and methods., Analyze and interpret complex datasets to inform business decision-making.","Bachelor's degree in Computer Science, Statistics, or related field., Excellent communication skills., Experience with data visualization tools like Tableau, PowerBI, etc."
78,Business Technology Analyst,Candidates should be adept at handling large volumes of data and be familiar with modern data analysis tools.,2,The role of a Business Technology Analyst at our firm involves ideal candidates will have a strong foundation in both technical and statistical skills and be able to drive data-driven decision making..,"Collaborate closely with cross-functional teams and stakeholders., Analyze and interpret complex datasets to inform business decision-making., Stay updated with the latest techniques in data science and industry best practices.","Experience with data visualization tools like Tableau, PowerBI, etc., Bachelor's degree in Computer Science, Statistics, or related field., Proficiency in Python and SQL."
79,Quantitative Analyst,This role involves analyzing complex datasets and extracting actionable insights.,1,The role of a Quantitative Analyst at our firm involves ideal candidates will have a strong foundation in both technical and statistical skills and be able to drive data-driven decision making..,"Collaborate closely with cross-functional teams and stakeholders., Stay updated with the latest techniques in data science and industry best practices., Present findings and insights to non-technical stakeholders., Develop and implement state-of-the-art data analysis tools and methods.","Excellent communication skills., Experience with data visualization tools like Tableau, PowerBI, etc., Proficiency in Python and SQL., Bachelor's degree in Computer Science, Statistics, or related field., Strong analytical and problem-solving skills."
80,Investment Data Analyst,Candidates should be adept at handling large volumes of data and be familiar with modern data analysis tools.,1,The role of a Investment Data Analyst at our firm involves this role is at the forefront of the company's data initiatives and will have the opportunity to shape the direction of the data team..,"Collaborate closely with cross-functional teams and stakeholders., Stay updated with the latest techniques in data science and industry best practices., Develop and implement state-of-the-art data analysis tools and methods., Analyze and interpret complex datasets to inform business decision-making., Present findings and insights to non-technical stakeholders.","Strong analytical and problem-solving skills., Bachelor's degree in Computer Science, Statistics, or related field., Excellent communication skills., Proficiency in Python and SQL., Experience with data visualization tools like Tableau, PowerBI, etc."
81,Digital Marketing Analyst,Candidates should be adept at handling large volumes of data and be familiar with modern data analysis tools.,4,The role of a Digital Marketing Analyst at our firm involves ideal candidates will have a strong foundation in both technical and statistical skills and be able to drive data-driven decision making..,"Present findings and insights to non-technical stakeholders., Stay updated with the latest techniques in data science and industry best practices., Develop and implement state-of-the-art data analysis tools and methods., Collaborate closely with cross-functional teams and stakeholders., Analyze and interpret complex datasets to inform business decision-making.","Bachelor's degree in Computer Science, Statistics, or related field., Strong analytical and problem-solving skills., Excellent communication skills."
82,Bioinformatics Scientist,This position requires close collaboration with other teams to understand their data needs and deliver impactful results.,8,The role of a Bioinformatics Scientist at our firm involves this role is at the forefront of the company's data initiatives and will have the opportunity to shape the direction of the data team..,"Analyze and interpret complex datasets to inform business decision-making., Stay updated with the latest techniques in data science and industry best practices., Develop and implement state-of-the-art data analysis tools and methods., Present findings and insights to non-technical stakeholders.","Strong analytical and problem-solving skills., Proficiency in Python and SQL., Bachelor's degree in Computer Science, Statistics, or related field."
83,E-commerce Data Analyst,This role is at the forefront of the company's data initiatives and will have the opportunity to shape the direction of the data team.,2,The role of a E-commerce Data Analyst at our firm involves this role is at the forefront of the company's data initiatives and will have the opportunity to shape the direction of the data team..,"Present findings and insights to non-technical stakeholders., Stay updated with the latest techniques in data science and industry best practices., Analyze and interpret complex datasets to inform business decision-making., Collaborate closely with cross-functional teams and stakeholders.","Bachelor's degree in Computer Science, Statistics, or related field., Strong analytical and problem-solving skills., Proficiency in Python and SQL., Experience with data visualization tools like Tableau, PowerBI, etc., Excellent communication skills."
84,Machine Learning Engineer,Candidates should be adept at handling large volumes of data and be familiar with modern data analysis tools.,8,The role of a Machine Learning Engineer at our firm involves this role involves analyzing complex datasets and extracting actionable insights..,"Analyze and interpret complex datasets to inform business decision-making., Stay updated with the latest techniques in data science and industry best practices., Present findings and insights to non-technical stakeholders., Develop and implement state-of-the-art data analysis tools and methods.","Excellent communication skills., Proficiency in Python and SQL."
85,Bioinformatics Scientist,Ideal candidates will have a strong foundation in both technical and statistical skills and be able to drive data-driven decision making.,9,The role of a Bioinformatics Scientist at our firm involves this position requires close collaboration with other teams to understand their data needs and deliver impactful results..,"Present findings and insights to non-technical stakeholders., Stay updated with the latest techniques in data science and industry best practices., Collaborate closely with cross-functional teams and stakeholders., Develop and implement state-of-the-art data analysis tools and methods.","Bachelor's degree in Computer Science, Statistics, or related field., Strong analytical and problem-solving skills., Proficiency in Python and SQL., Excellent communication skills."
86,Data Scientist,This position requires close collaboration with other teams to understand their data needs and deliver impactful results.,6,The role of a Data Scientist at our firm involves this role involves analyzing complex datasets and extracting actionable insights..,"Analyze and interpret complex datasets to inform business decision-making., Collaborate closely with cross-functional teams and stakeholders., Present findings and insights to non-technical stakeholders.","Bachelor's degree in Computer Science, Statistics, or related field., Proficiency in Python and SQL., Strong analytical and problem-solving skills."
87,Bioinformatics Scientist,This position requires close collaboration with other teams to understand their data needs and deliver impactful results.,8,The role of a Bioinformatics Scientist at our firm involves ideal candidates will have a strong foundation in both technical and statistical skills and be able to drive data-driven decision making..,"Stay updated with the latest techniques in data science and industry best practices., Collaborate closely with cross-functional teams and stakeholders., Analyze and interpret complex datasets to inform business decision-making.","Bachelor's degree in Computer Science, Statistics, or related field., Strong analytical and problem-solving skills., Excellent communication skills."
88,Clinical Data Scientist,This role is at the forefront of the company's data initiatives and will have the opportunity to shape the direction of the data team.,2,The role of a Clinical Data Scientist at our firm involves this role involves analyzing complex datasets and extracting actionable insights..,"Stay updated with the latest techniques in data science and industry best practices., Develop and implement state-of-the-art data analysis tools and methods., Collaborate closely with cross-functional teams and stakeholders., Analyze and interpret complex datasets to inform business decision-making., Present findings and insights to non-technical stakeholders.","Experience with data visualization tools like Tableau, PowerBI, etc., Strong analytical and problem-solving skills., Bachelor's degree in Computer Science, Statistics, or related field."
89,E-commerce Data Analyst,Candidates should be adept at handling large volumes of data and be familiar with modern data analysis tools.,6,The role of a E-commerce Data Analyst at our firm involves this position requires close collaboration with other teams to understand their data needs and deliver impactful results..,"Stay updated with the latest techniques in data science and industry best practices., Present findings and insights to non-technical stakeholders., Develop and implement state-of-the-art data analysis tools and methods., Analyze and interpret complex datasets to inform business decision-making., Collaborate closely with cross-functional teams and stakeholders.","Bachelor's degree in Computer Science, Statistics, or related field., Strong analytical and problem-solving skills., Proficiency in Python and SQL., Excellent communication skills., Experience with data visualization tools like Tableau, PowerBI, etc."
90,Bioinformatics Scientist,Ideal candidates will have a strong foundation in both technical and statistical skills and be able to drive data-driven decision making.,4,The role of a Bioinformatics Scientist at our firm involves this role is at the forefront of the company's data initiatives and will have the opportunity to shape the direction of the data team..,"Stay updated with the latest techniques in data science and industry best practices., Develop and implement state-of-the-art data analysis tools and methods.","Strong analytical and problem-solving skills., Bachelor's degree in Computer Science, Statistics, or related field., Proficiency in Python and SQL., Experience with data visualization tools like Tableau, PowerBI, etc., Excellent communication skills."
91,Investment Data Analyst,This role involves analyzing complex datasets and extracting actionable insights.,9,The role of a Investment Data Analyst at our firm involves this role is at the forefront of the company's data initiatives and will have the opportunity to shape the direction of the data team..,"Analyze and interpret complex datasets to inform business decision-making., Collaborate closely with cross-functional teams and stakeholders., Develop and implement state-of-the-art data analysis tools and methods., Stay updated with the latest techniques in data science and industry best practices., Present findings and insights to non-technical stakeholders.","Excellent communication skills., Strong analytical and problem-solving skills., Proficiency in Python and SQL., Bachelor's degree in Computer Science, Statistics, or related field., Experience with data visualization tools like Tableau, PowerBI, etc."
92,IT Consultant,Candidates should be adept at handling large volumes of data and be familiar with modern data analysis tools.,6,The role of a IT Consultant at our firm involves this position requires close collaboration with other teams to understand their data needs and deliver impactful results..,"Develop and implement state-of-the-art data analysis tools and methods., Stay updated with the latest techniques in data science and industry best practices., Analyze and interpret complex datasets to inform business decision-making.","Experience with data visualization tools like Tableau, PowerBI, etc., Strong analytical and problem-solving skills., Bachelor's degree in Computer Science, Statistics, or related field."
93,Management Consultant - Data Science,This role involves analyzing complex datasets and extracting actionable insights.,3,The role of a Management Consultant - Data Science at our firm involves candidates should be adept at handling large volumes of data and be familiar with modern data analysis tools..,"Collaborate closely with cross-functional teams and stakeholders., Develop and implement state-of-the-art data analysis tools and methods., Present findings and insights to non-technical stakeholders., Stay updated with the latest techniques in data science and industry best practices.","Proficiency in Python and SQL., Strong analytical and problem-solving skills., Excellent communication skills."
94,Investment Data Analyst,Ideal candidates will have a strong foundation in both technical and statistical skills and be able to drive data-driven decision making.,9,The role of a Investment Data Analyst at our firm involves this role is at the forefront of the company's data initiatives and will have the opportunity to shape the direction of the data team..,"Collaborate closely with cross-functional teams and stakeholders., Present findings and insights to non-technical stakeholders.","Proficiency in Python and SQL., Excellent communication skills., Strong analytical and problem-solving skills., Experience with data visualization tools like Tableau, PowerBI, etc., Bachelor's degree in Computer Science, Statistics, or related field."
95,Management Consultant - Data Science,This role is at the forefront of the company's data initiatives and will have the opportunity to shape the direction of the data team.,8,The role of a Management Consultant - Data Science at our firm involves ideal candidates will have a strong foundation in both technical and statistical skills and be able to drive data-driven decision making..,"Collaborate closely with cross-functional teams and stakeholders., Present findings and insights to non-technical stakeholders., Develop and implement state-of-the-art data analysis tools and methods.","Proficiency in Python and SQL., Excellent communication skills., Strong analytical and problem-solving skills., Bachelor's degree in Computer Science, Statistics, or related field."
96,Financial Data Scientist,This role is at the forefront of the company's data initiatives and will have the opportunity to shape the direction of the data team.,4,The role of a Financial Data Scientist at our firm involves this position requires close collaboration with other teams to understand their data needs and deliver impactful results..,"Present findings and insights to non-technical stakeholders., Develop and implement state-of-the-art data analysis tools and methods.","Strong analytical and problem-solving skills., Bachelor's degree in Computer Science, Statistics, or related field., Experience with data visualization tools like Tableau, PowerBI, etc."
97,Business Technology Analyst,Ideal candidates will have a strong foundation in both technical and statistical skills and be able to drive data-driven decision making.,4,The role of a Business Technology Analyst at our firm involves candidates should be adept at handling large volumes of data and be familiar with modern data analysis tools..,"Collaborate closely with cross-functional teams and stakeholders., Develop and implement state-of-the-art data analysis tools and methods.","Strong analytical and problem-solving skills., Experience with data visualization tools like Tableau, PowerBI, etc., Excellent communication skills., Bachelor's degree in Computer Science, Statistics, or related field., Proficiency in Python and SQL."
98,Investment Data Analyst,This role involves analyzing complex datasets and extracting actionable insights.,3,The role of a Investment Data Analyst at our firm involves this role involves analyzing complex datasets and extracting actionable insights..,"Develop and implement state-of-the-art data analysis tools and methods., Present findings and insights to non-technical stakeholders., Analyze and interpret complex datasets to inform business decision-making.","Excellent communication skills., Bachelor's degree in Computer Science, Statistics, or related field., Strong analytical and problem-solving skills., Experience with data visualization tools like Tableau, PowerBI, etc., Proficiency in Python and SQL."
99,Business Technology Analyst,This role is at the forefront of the company's data initiatives and will have the opportunity to shape the direction of the data team.,6,The role of a Business Technology Analyst at our firm involves candidates should be adept at handling large volumes of data and be familiar with modern data analysis tools..,"Stay updated with the latest techniques in data science and industry best practices., Develop and implement state-of-the-art data analysis tools and methods., Collaborate closely with cross-functional teams and stakeholders., Present findings and insights to non-technical stakeholders., Analyze and interpret complex datasets to inform business decision-making.","Proficiency in Python and SQL., Strong analytical and problem-solving skills., Bachelor's degree in Computer Science, Statistics, or related field., Excellent communication skills."
100,Healthcare Data Analyst,This position requires close collaboration with other teams to understand their data needs and deliver impactful results.,3,The role of a Healthcare Data Analyst at our firm involves this role is at the forefront of the company's data initiatives and will have the opportunity to shape the direction of the data team..,"Stay updated with the latest techniques in data science and industry best practices., Present findings and insights to non-technical stakeholders., Analyze and interpret complex datasets to inform business decision-making., Develop and implement state-of-the-art data analysis tools and methods.","Proficiency in Python and SQL., Experience with data visualization tools like Tableau, PowerBI, etc."
